0.71394,0.83089,0.90461,0.99768,1.0945,1.0057,-0.061229,-0.81991,-0.86827,-1.0244,-1.4251,-1.121,0.25225,1.2041,0.94584,1.3495,1.5923,-0.72649,-0.80818,-0.85766,-1.0045,-1.1479,-1.1399,-1.2463,-0.4332,0.67215,0.87654,0.87782,0.80185,0.84784,-0.48463,-0.90888,-1.0451,-1.0599,-1.1019,-1.1343,-0.14211,1.0531,1.2727,1.3129,1.5407,-0.65822,-0.83212,-0.93866,-1.0826,-1.1449,-1.1049,-1.1602,-0.10473,0.70603,0.80765,0.92634,0.95081,1.0208,1.1328,1.2421,0.68708,0.85073,0.91028,1.0097,1.0787,1.0009,-0.08693,-0.82501,-0.82283,-0.99557,-1.4205,-1.1539,0.25644,1.1807,0.94389,1.3623,1.6018,-0.72314,-0.78197,-0.84772,-1.0258,-1.1594,-1.1795,-1.2411,-0.39379,0.70916,0.84633,0.853,0.79095,0.87487,-0.50331,-0.92171,-1.0493,-1.0641,-1.0935,-1.1675,-0.14291,1.0565,1.2676,1.3483,1.4996,-0.66197,-0.81958,-0.93241,-1.0818,-1.1313,-1.1415,-1.1429,-0.075287,0.70585,0.83768,0.90098,0.99423,1.0368,1.1288,1.2482
0.58362,0.78665,0.90843,0.97255,1.063,1.0232,-0.065936,-0.71935,-0.79669,-0.96536,-1.5019,-1.1768,0.21745,1.1881,0.89294,1.3978,1.7052,-0.64344,-0.6972,-0.80544,-0.98931,-1.1695,-1.1821,-1.2619,-0.42982,0.6335,0.88774,0.89291,0.80149,0.90143,-0.48205,-0.85619,-0.99927,-1.044,-1.084,-1.1824,-0.24239,1.0165,1.2727,1.3608,1.6206,-0.61838,-0.76404,-0.93599,-1.0804,-1.1405,-1.1474,-1.1816,-0.17775,0.64174,0.79496,0.91207,0.98494,0.99149,1.1734,1.2677,0.63018,0.75356,0.88998,0.9816,1.0754,1.01,-0.029512,-0.7202,-0.77839,-0.99324,-1.5082,-1.1654,0.22323,1.1818,0.84515,1.3858,1.7244,-0.65615,-0.73386,-0.79642,-1.0074,-1.1812,-1.1936,-1.269,-0.45913,0.62537,0.87379,0.84852,0.78291,0.89451,-0.49485,-0.89782,-1.0225,-1.0401,-1.1062,-1.1922,-0.22299,1.0017,1.2711,1.3354,1.5932,-0.60605,-0.79494,-0.939,-1.0806,-1.1207,-1.152,-1.1611,-0.17102,0.62005,0.79004,0.92393,0.98175,0.99362,1.1676,1.2911
0.56709,0.77262,0.88218,0.98271,1.1107,1.0116,-0.048835,-0.71773,-0.79583,-0.99833,-1.5253,-1.1652,0.21077,1.1948,0.83467,1.4308,1.7598,-0.62632,-0.70436,-0.80184,-0.99003,-1.2124,-1.1591,-1.2977,-0.44365,0.61549,0.87998,0.86526,0.7607,0.87196,-0.47585,-0.86211,-1.0034,-1.0487,-1.0845,-1.1899,-0.24198,0.99445,1.2824,1.3391,1.6251,-0.56954,-0.76962,-0.88743,-1.0825,-1.1236,-1.126,-1.1752,-0.19002,0.60495,0.79066,0.91508,1.0084,0.99504,1.16,1.3021,0.57233,0.74272,0.89364,0.95052,1.066,1.0092,-0.075059,-0.7078,-0.74737,-0.98258,-1.5552,-1.1805,0.17101,1.2108,0.86139,1.3928,1.7463,-0.63167,-0.68554,-0.76028,-0.97598,-1.21,-1.1999,-1.2861,-0.44418,0.64012,0.86006,0.85657,0.78823,0.88605,-0.45154,-0.89023,-1.0078,-1.0407,-1.0955,-1.2015,-0.26206,0.98032,1.2719,1.3639,1.6163,-0.56711,-0.75003,-0.90058,-1.0475,-1.1485,-1.1607,-1.1907,-0.2109,0.61723,0.7674,0.89414,0.98479,1.0024,1.1842,1.2865
0.5827,0.76034,0.88152,0.97567,1.0716,1.0217,-0.052608,-0.71621,-0.75801,-0.98757,-1.5735,-1.1412,0.18205,1.2139,0.82854,1.4023,1.7653,-0.66325,-0.68995,-0.77905,-0.96964,-1.1794,-1.1801,-1.3145,-0.41953,0.64543,0.87487,0.88995,0.79572,0.90607,-0.46264,-0.847,-0.99687,-1.03,-1.089,-1.2062,-0.24156,0.99945,1.2842,1.3485,1.6406,-0.59189,-0.75895,-0.90865,-1.0697,-1.1374,-1.1433,-1.1698,-0.18779,0.63833,0.77482,0.90502,1.0161,0.99027,1.1579,1.2935,0.57358,0.7388,0.85652,0.94825,1.1122,1.0286,-0.060732,-0.71982,-0.7789,-0.99359,-1.57,-1.1495,0.19286,1.1875,0.86736,1.4091,1.7332,-0.61922,-0.71035,-0.76631,-1.0073,-1.2061,-1.1846,-1.3078,-0.4607,0.62683,0.8836,0.8729,0.76862,0.89497,-0.45206,-0.86926,-1.0205,-1.041,-1.1015,-1.1882,-0.25562,1.0091,1.3061,1.3504,1.6319,-0.57765,-0.74215,-0.91854,-1.051,-1.1326,-1.1494,-1.184,-0.1867,0.60635,0.78353,0.89772,0.98323,0.99784,1.1789,1.2887
0.5728,0.77039,0.852,0.96075,1.1073,0.98752,-0.034603,-0.6975,-0.75287,-0.96842,-1.5613,-1.175,0.16959,1.1928,0.82208,1.4175,1.7529,-0.62304,-0.67569,-0.75919,-1.0042,-1.1852,-1.1615,-1.3017,-0.45597,0.61691,0.85438,0.85014,0.75936,0.8819,-0.46188,-0.85034,-0.99341,-1.0334,-1.1009,-1.1805,-0.25747,1.0187,1.3036,1.3676,1.6489,-0.5833,-0.75066,-0.91,-1.0857,-1.131,-1.166,-1.167,-0.21084,0.61972,0.78984,0.90329,0.9798,0.99229,1.1961,1.2876,0.58007,0.74195,0.86084,0.97721,1.1008,0.99973,-0.021923,-0.71843,-0.74141,-0.98226,-1.5552,-1.1426,0.18375,1.1902,0.84427,1.4073,1.7652,-0.63041,-0.71319,-0.79529,-1.0157,-1.1745,-1.1909,-1.2993,-0.42022,0.63746,0.87817,0.88842,0.78017,0.90238,-0.45513,-0.87259,-1.0042,-1.0673,-1.0849,-1.2021,-0.255,0.973,1.3153,1.3401,1.6153,-0.58723,-0.73433,-0.88446,-1.0446,-1.1403,-1.1383,-1.1854,-0.20341,0.59266,0.76642,0.88216,1.0177,0.99277,1.1865,1.3185
0.51058,0.69879,0.86037,0.93103,1.1117,1.0325,-0.027462,-0.64272,-0.7207,-0.97434,-1.6174,-1.1938,0.12702,1.1915,0.80758,1.4092,1.782,-0.59908,-0.63578,-0.72379,-1.0041,-1.2312,-1.217,-1.3513,-0.46592,0.59759,0.8241,0.88232,0.77537,0.90746,-0.44281,-0.8235,-0.98515,-1.0503,-1.0963,-1.211,-0.30893,0.955,1.2852,1.3586,1.6657,-0.53994,-0.68785,-0.89503,-1.0525,-1.1482,-1.1576,-1.1754,-0.27824,0.59203,0.7468,0.90059,0.98838,1.0142,1.2,1.3197,0.49794,0.70494,0.86418,0.94435,1.1073,1.0242,-0.014325,-0.66321,-0.71517,-0.95393,-1.6313,-1.1813,0.17125,1.1907,0.81224,1.4214,1.7935,-0.58397,-0.62775,-0.71367,-0.99898,-1.2348,-1.2083,-1.3394,-0.45097,0.57666,0.82877,0.84101,0.78222,0.88717,-0.41512,-0.83425,-1.018,-1.0588,-1.1162,-1.2275,-0.26786,0.94125,1.2731,1.3936,1.6896,-0.50901,-0.70326,-0.8839,-1.0831,-1.1725,-1.1841,-1.2148,-0.25342,0.59343,0.74346,0.89927,0.98404,1.0094,1.2169,1.3191
0.2831,0.54147,0.73477,0.86854,1.1131,1.0111,0.075787,-0.43306,-0.5103,-0.90906,-1.868,-1.2131,0.021509,1.1062,0.65766,1.4599,1.9846,-0.35724,-0.41857,-0.55252,-0.91421,-1.2993,-1.2693,-1.4741,-0.51798,0.42905,0.79922,0.83343,0.76756,0.95596,-0.27096,-0.70519,-0.94766,-1.0311,-1.1165,-1.2882,-0.4452,0.80524,1.2513,1.4129,1.7901,-0.30249,-0.49253,-0.76477,-1.0403,-1.1629,-1.1817,-1.285,-0.46334,0.39925,0.69222,0.86653,1.019,0.98317,1.2954,1.4662,0.2938,0.55368,0.72631,0.87547,1.091,1.0363,0.080378,-0.42847,-0.51458,-0.9252,-1.8883,-1.2552,0.002084,1.0965,0.66208,1.4797,1.982,-0.3541,-0.40707,-0.5585,-0.93644,-1.2593,-1.2597,-1.4743,-0.56127,0.41389,0.79596,0.85613,0.78361,0.95076,-0.30367,-0.68208,-0.95887,-1.0095,-1.1117,-1.2858,-0.45312,0.77719,1.2638,1.4022,1.8183,-0.27905,-0.51026,-0.75571,-1.0284,-1.1784,-1.1797,-1.2636,-0.43972,0.41907,0.70428,0.8738,1.0479,0.99641,1.3019,1.476
0.24904,0.52553,0.73808,0.85726,1.1126,0.99235,0.087007,-0.4537,-0.51851,-0.91275,-1.8926,-1.2067,0.0033676,1.0927,0.61997,1.4461,1.9677,-0.33833,-0.42615,-0.54722,-0.92591,-1.2522,-1.2455,-1.4527,-0.5253,0.45493,0.7815,0.85944,0.78774,0.96219,-0.28923,-0.70959,-0.933,-1.0068,-1.1175,-1.2663,-0.47429,0.80867,1.2416,1.4006,1.8325,-0.29827,-0.48831,-0.76812,-1.0349,-1.1899,-1.196,-1.2434,-0.44012,0.42654,0.69513,0.88822,1.0334,1.0262,1.2767,1.4516,0.25706,0.54496,0.72278,0.88531,1.107,1.0305,0.07037,-0.4401,-0.52101,-0.89895,-1.8508,-1.2115,-0.016551,1.1163,0.62631,1.4584,1.9708,-0.35244,-0.41161,-0.53303,-0.90146,-1.2592,-1.2629,-1.4485,-0.5342,0.44123,0.80847,0.82146,0.77968,0.94523,-0.27932,-0.6744,-0.94785,-1.0216,-1.1314,-1.2472,-0.47296,0.79197,1.2638,1.3715,1.826,-0.27673,-0.51409,-0.78149,-1.0394,-1.1657,-1.2187,-1.254,-0.47544,0.44038,0.67265,0.91043,1.0628,1.0096,1.2947,1.4699
0.20287,0.52312,0.72069,0.88038,1.0773,1.038,0.10891,-0.40112,-0.49947,-0.87703,-1.8975,-1.2654,-0.028159,1.0728,0.59759,1.479,2.0189,-0.31651,-0.37813,-0.51365,-0.92573,-1.272,-1.2865,-1.4594,-0.55877,0.39528,0.76265,0.81947,0.75569,0.94052,-0.23581,-0.67378,-0.93535,-1.0217,-1.0924,-1.2648,-0.50129,0.75814,1.2236,1.3822,1.8394,-0.21637,-0.45335,-0.75212,-1.0571,-1.2002,-1.209,-1.2617,-0.51357,0.38549,0.65255,0.89842,1.066,0.994,1.2882,1.4845,0.21898,0.49966,0.72685,0.87195,1.0702,1.0239,0.094845,-0.41364,-0.51226,-0.87744,-1.9208,-1.218,-0.026252,1.0666,0.62398,1.462,2.0112,-0.3018,-0.35314,-0.51904,-0.9141,-1.2661,-1.279,-1.465,-0.54134,0.39554,0.77351,0.80837,0.77642,0.97466,-0.2639,-0.67568,-0.94649,-1.0259,-1.0949,-1.2548,-0.49768,0.77218,1.2319,1.3789,1.8279,-0.22331,-0.47987,-0.73921,-1.0375,-1.1625,-1.2114,-1.251,-0.51357,0.39242,0.65344,0.89872,1.0687,1.0176,1.2783,1.5124
0.29261,0.53116,0.75628,0.88964,1.1142,1.0153,0.087712,-0.45077,-0.55652,-0.91918,-1.8643,-1.2483,0.00053716,1.1257,0.6349,1.4716,1.9791,-0.35054,-0.41315,-0.56073,-0.92419,-1.2547,-1.283,-1.4626,-0.51669,0.42061,0.81416,0.82867,0.80031,0.96546,-0.29491,-0.69862,-0.93231,-1.0079,-1.0871,-1.2743,-0.43079,0.81977,1.2685,1.3789,1.7974,-0.28568,-0.49176,-0.78178,-1.0594,-1.1858,-1.1771,-1.2392,-0.44328,0.39949,0.68192,0.90208,1.0342,1.0299,1.3022,1.4886,0.25634,0.533,0.75402,0.87852,1.0882,0.99895,0.09515,-0.46532,-0.53895,-0.90558,-1.8878,-1.2245,0.017825,1.0898,0.64507,1.4453,1.972,-0.36052,-0.40197,-0.56406,-0.90482,-1.2687,-1.2629,-1.4327,-0.55759,0.43339,0.81532,0.85452,0.7776,0.92144,-0.29377,-0.69364,-0.95032,-1.0129,-1.1089,-1.2463,-0.46287,0.79183,1.2706,1.3971,1.7956,-0.2984,-0.49195,-0.76646,-1.0401,-1.1921,-1.1891,-1.2511,-0.47654,0.39663,0.68578,0.87181,1.064,1.0155,1.298,1.4943
0.11567,0.39919,0.64103,0.82083,1.1065,1.0178,0.17524,-0.29913,-0.38651,-0.84444,-2.0127,-1.2693,-0.071562,1.0407,0.55288,1.4701,2.08,-0.20239,-0.26756,-0.4335,-0.8595,-1.3267,-1.2715,-1.5255,-0.60382,0.31302,0.75762,0.83532,0.79178,0.9991,-0.18386,-0.61452,-0.89585,-0.99859,-1.1,-1.3158,-0.57829,0.6933,1.2202,1.358,1.8685,-0.1216,-0.37363,-0.72079,-1.0494,-1.1784,-1.1973,-1.3012,-0.55967,0.30897,0.63836,0.86197,1.0557,0.99673,1.3555,1.561,0.10624,0.39723,0.66869,0.82908,1.0633,0.9956,0.1615,-0.31447,-0.42625,-0.8695,-2.0116,-1.264,-0.11433,1.0079,0.55853,1.4553,2.0924,-0.17279,-0.28252,-0.43585,-0.89868,-1.2808,-1.2823,-1.5434,-0.61102,0.32871,0.75661,0.80157,0.76745,0.9971,-0.18686,-0.60301,-0.90705,-0.98477,-1.1128,-1.2992,-0.55069,0.68876,1.1808,1.3874,1.8722,-0.13764,-0.36098,-0.6958,-1.0098,-1.2134,-1.239,-1.3168,-0.56303,0.3201,0.60073,0.84531,1.0464,1.0035,1.3329,1.5851
-0.33453,0.063379,0.38788,0.66564,1.0475,1.0328,0.50661,0.12083,-0.021923,-0.65392,-2.2393,-1.3452,-0.38131,0.71702,0.32754,1.3649,2.2037,0.29184,0.15823,-0.063751,-0.71056,-1.3157,-1.3785,-1.7345,-0.77886,0.020413,0.53653,0.6894,0.78934,1.0432,0.2418,-0.27991,-0.721,-0.90765,-1.0877,-1.4146,-0.83207,0.26873,0.95302,1.2896,1.9374,0.36158,0.034714,-0.41858,-0.92003,-1.185,-1.2719,-1.399,-0.85965,-0.032041,0.41067,0.75721,1.079,1.0653,1.4708,1.824,-0.32226,0.078582,0.3855,0.68609,1.0371,1.0426,0.52914,0.16784,-0.045693,-0.67398,-2.2392,-1.33,-0.40488,0.72417,0.33131,1.3948,2.1811,0.256,0.18545,-0.092259,-0.70702,-1.3306,-1.3713,-1.7208,-0.77621,0.018524,0.54832,0.6924,0.79431,1.0483,0.24489,-0.26028,-0.72654,-0.91994,-1.1014,-1.3709,-0.83093,0.28027,0.96894,1.2841,1.9458,0.35839,0.039797,-0.43034,-0.94373,-1.1869,-1.2555,-1.42,-0.83932,0.0032978,0.41317,0.77582,1.0564,1.0773,1.4571,1.7913
-0.58206,-0.15074,0.20784,0.57578,0.9894,1.0497,0.70266,0.39521,0.15933,-0.50127,-2.2737,-1.3313,-0.54028,0.54296,0.17273,1.2889,2.1708,0.53932,0.41138,0.11158,-0.60035,-1.2687,-1.3561,-1.7826,-0.84714,-0.17047,0.36729,0.61048,0.75893,1.066,0.44969,-0.092787,-0.61941,-0.83421,-1.0828,-1.4251,-0.94005,0.066117,0.79732,1.2024,1.9259,0.58314,0.2329,-0.29205,-0.83497,-1.1655,-1.271,-1.4414,-1.007,-0.18256,0.29772,0.67417,1.0063,1.0784,1.5476,1.8806,-0.5848,-0.15933,0.22547,0.56096,0.95296,1.0712,0.68926,0.37465,0.15849,-0.52216,-2.2966,-1.3468,-0.54775,0.53033,0.16103,1.3103,2.146,0.54745,0.396,0.13642,-0.58197,-1.2889,-1.3333,-1.8073,-0.83293,-0.14074,0.38059,0.6241,0.77295,1.0803,0.44971,-0.076462,-0.63396,-0.82119,-1.0645,-1.3852,-0.92354,0.066532,0.78016,1.194,1.8946,0.57795,0.23471,-0.29051,-0.83396,-1.1588,-1.2858,-1.4267,-0.99636,-0.19251,0.2754,0.67699,1.0292,1.1009,1.4982,1.8848
-0.69972,-0.25668,0.14191,0.48566,0.93842,1.0654,0.76469,0.532,0.29342,-0.41517,-2.2423,-1.3577,-0.64366,0.38632,0.12182,1.1925,2.1143,0.67398,0.57257,0.2573,-0.49707,-1.2316,-1.346,-1.8175,-0.89633,-0.27884,0.29866,0.55935,0.72154,1.1092,0.58132,0.020108,-0.50281,-0.7858,-1.0512,-1.4004,-1.0212,-0.07203,0.70797,1.0863,1.8619,0.75047,0.36924,-0.1514,-0.7768,-1.1327,-1.256,-1.456,-1.0732,-0.32051,0.20451,0.6042,1.0121,1.0973,1.5418,1.9633,-0.68557,-0.26573,0.12728,0.48982,0.92862,1.0567,0.77445,0.53095,0.31038,-0.42944,-2.2557,-1.3217,-0.6254,0.38369,0.078375,1.2107,2.1392,0.67035,0.56292,0.26034,-0.49452,-1.2228,-1.3263,-1.811,-0.89239,-0.29319,0.32145,0.57873,0.75765,1.0715,0.59643,0.024712,-0.54516,-0.80258,-1.0393,-1.3948,-1.0356,-0.071371,0.67183,1.1253,1.8867,0.77018,0.38707,-0.16792,-0.74411,-1.1021,-1.2713,-1.4334,-1.077,-0.32761,0.18588,0.6274,0.99655,1.0791,1.5396,1.9405
-0.81917,-0.36363,0.020684,0.42295,0.87443,1.0635,0.84833,0.65548,0.40641,-0.33885,-2.1302,-1.3585,-0.7296,0.2584,0.072336,1.171,2.0715,0.77682,0.64073,0.35078,-0.39211,-1.1599,-1.3441,-1.8266,-0.94232,-0.37773,0.21232,0.51082,0.72327,1.1148,0.7243,0.15422,-0.46524,-0.71854,-1.0071,-1.3878,-1.0774,-0.21593,0.59243,1.0409,1.8398,0.85238,0.49091,-0.080009,-0.69735,-1.1034,-1.2679,-1.4596,-1.1547,-0.37928,0.10782,0.58792,0.99891,1.1296,1.5918,1.9734,-0.83246,-0.3945,0.058002,0.41961,0.86985,1.0746,0.87076,0.65455,0.38183,-0.33595,-2.0971,-1.323,-0.74335,0.27288,0.051372,1.1611,2.0961,0.76276,0.63748,0.33047,-0.42613,-1.1943,-1.3401,-1.7975,-0.95614,-0.35035,0.21508,0.55054,0.73452,1.1016,0.70221,0.14194,-0.43188,-0.72598,-0.99323,-1.4003,-1.1036,-0.18676,0.60208,1.0256,1.8389,0.84758,0.48283,-0.095515,-0.68841,-1.0673,-1.2522,-1.4567,-1.1449,-0.3849,0.11313,0.57395,0.99365,1.1007,1.5948,1.998
-0.72757,-0.25744,0.09507,0.47094,0.89289,1.0316,0.75088,0.55708,0.34269,-0.46646,-2.4869,-1.2882,-0.59069,0.41189,0.071039,1.1955,2.1548,0.70271,0.61438,0.26736,-0.51315,-1.2918,-1.3382,-1.7907,-0.82656,-0.24347,0.2986,0.56426,0.7235,1.073,0.47813,0.012885,-0.5601,-0.78074,-0.97314,-1.3754,-1.0067,-0.10842,0.67799,1.0771,1.8855,0.819,0.42141,-0.18358,-0.76851,-1.1112,-1.2191,-1.404,-1.0397,-0.28836,0.16966,0.58827,0.99047,1.0467,1.4886,1.8874,-0.69463,-0.28982,0.104,0.45116,0.88677,0.99316,0.77375,0.56202,0.32705,-0.44746,-2.452,-1.277,-0.63048,0.39759,0.090593,1.2361,2.1936,0.70218,0.62643,0.30308,-0.49141,-1.2692,-1.3047,-1.8059,-0.83302,-0.24818,0.28927,0.57956,0.75156,1.0932,0.49054,0.034,-0.54717,-0.75183,-0.99616,-1.3675,-0.98537,-0.063751,0.71885,1.1114,1.9013,0.77566,0.41998,-0.19491,-0.80689,-1.1456,-1.1939,-1.3653,-1.0632,-0.28357,0.18521,0.6319,0.96867,1.0723,1.516,1.8911
-0.70825,-0.28957,0.11142,0.45257,0.91042,1.04,0.76929,0.59589,0.37295,-0.41294,-2.4836,-1.285,-0.63875,0.35483,0.066737,1.2148,2.1444,0.70192,0.61573,0.31082,-0.47134,-1.2932,-1.3176,-1.7894,-0.81913,-0.30423,0.26792,0.53705,0.7421,1.0881,0.49516,0.033496,-0.5305,-0.77843,-0.98632,-1.3431,-0.98567,-0.12863,0.69846,1.0846,1.8635,0.80531,0.45866,-0.17655,-0.75889,-1.1424,-1.2338,-1.397,-1.0541,-0.33229,0.19539,0.59373,1.007,1.0819,1.5003,1.9147,-0.701,-0.30857,0.081078,0.44822,0.89372,1.0106,0.79528,0.5936,0.36541,-0.44332,-2.4723,-1.2758,-0.59412,0.39144,0.062292,1.1769,2.1405,0.70814,0.6463,0.32969,-0.48134,-1.2942,-1.3183,-1.7976,-0.83631,-0.30608,0.28673,0.55636,0.71082,1.0816,0.52976,0.055118,-0.5585,-0.77766,-1.0015,-1.3566,-1.005,-0.11441,0.65443,1.098,1.8966,0.79958,0.43417,-0.18149,-0.78541,-1.1239,-1.2043,-1.3762,-1.0726,-0.31193,0.16991,0.61882,0.95993,1.0825,1.497,1.9224
-0.70157,-0.29564,0.096686,0.43682,0.86703,1.004,0.77437,0.59112,0.38291,-0.45377,-2.4959,-1.3054,-0.63203,0.38827,0.074047,1.2257,2.1809,0.74065,0.61649,0.33688,-0.50249,-1.2699,-1.3178,-1.8127,-0.83198,-0.29046,0.31416,0.53864,0.74694,1.083,0.5181,0.055787,-0.52658,-0.74622,-0.96723,-1.3835,-0.97938,-0.1016,0.672,1.0948,1.9009,0.82325,0.45913,-0.14535,-0.75673,-1.1382,-1.2267,-1.3583,-1.0624,-0.33141,0.1601,0.59096,1.0023,1.0721,1.5023,1.8917,-0.73315,-0.27789,0.11397,0.4636,0.86582,1.0182,0.76348,0.59798,0.36923,-0.42511,-2.4639,-1.2856,-0.59773,0.3775,0.068771,1.213,2.1638,0.73003,0.64245,0.33225,-0.48626,-1.2912,-1.3372,-1.791,-0.84875,-0.26549,0.31364,0.53476,0.73471,1.0477,0.49249,0.03708,-0.53973,-0.76266,-0.99538,-1.3751,-1.0139,-0.12348,0.6674,1.1041,1.8838,0.83542,0.42942,-0.1631,-0.7609,-1.0971,-1.2025,-1.3981,-1.0817,-0.32375,0.20286,0.59017,0.97829,1.0968,1.4867,1.9063
-0.71997,-0.3072,0.12355,0.4713,0.87757,1.0212,0.76717,0.59625,0.3695,-0.43537,-2.4781,-1.2772,-0.62124,0.37968,0.07314,1.2182,2.1471,0.7108,0.62928,0.30564,-0.47947,-1.2652,-1.3287,-1.7685,-0.83592,-0.25479,0.29598,0.54836,0.72847,1.0491,0.51505,0.019209,-0.5409,-0.77977,-1.0097,-1.3526,-0.99948,-0.084994,0.66806,1.1034,1.8666,0.83299,0.43152,-0.14482,-0.76195,-1.1316,-1.1877,-1.3921,-1.0587,-0.29188,0.18194,0.5874,0.97216,1.0942,1.5164,1.896,-0.69681,-0.29549,0.085013,0.47126,0.86948,1.0161,0.78974,0.56077,0.3514,-0.41465,-2.4981,-1.3041,-0.61365,0.40648,0.085616,1.2151,2.1868,0.70887,0.65103,0.29587,-0.48294,-1.2889,-1.314,-1.8065,-0.83157,-0.28872,0.2921,0.5729,0.73067,1.082,0.47604,0.040968,-0.55552,-0.75236,-0.98141,-1.3581,-0.97646,-0.10996,0.67668,1.1076,1.8703,0.80677,0.42393,-0.1571,-0.78239,-1.0946,-1.2011,-1.3788,-1.0549,-0.33574,0.16106,0.59827,0.97919,1.059,1.4973,1.8909
-0.72287,-0.29134,0.10776,0.48098,0.91245,1.0596,0.7967,0.51962,0.33317,-0.44583,-2.2785,-1.3296,-0.6305,0.39009,0.09591,1.2093,2.1227,0.66666,0.5729,0.26027,-0.51253,-1.2312,-1.3365,-1.8003,-0.90744,-0.26536,0.29198,0.56834,0.72856,1.0672,0.56192,0.030898,-0.50727,-0.77104,-1.0321,-1.3896,-1.011,-0.056172,0.69428,1.1207,1.8756,0.7622,0.38448,-0.1722,-0.77437,-1.1191,-1.252,-1.459,-1.0859,-0.33088,0.18027,0.64382,0.99819,1.1165,1.5456,1.933,-0.70181,-0.26485,0.13949,0.50606,0.9431,1.0431,0.77862,0.51199,0.29596,-0.41163,-2.2704,-1.3487,-0.60902,0.39888,0.074059,1.2219,2.1131,0.69624,0.57064,0.25568,-0.4999,-1.2638,-1.3227,-1.8252,-0.91781,-0.24716,0.30649,0.59151,0.76025,1.093,0.60497,0.021512,-0.52203,-0.7555,-1.0222,-1.4099,-1.009,-0.05202,0.71456,1.1322,1.8771,0.75565,0.39077,-0.20014,-0.78979,-1.1099,-1.2485,-1.4272,-1.0555,-0.30998,0.19403,0.6217,0.98711,1.0748,1.5463,1.936
-0.72169,-0.25089,0.11705,0.4924,0.93597,1.0239,0.76284,0.55353,0.31125,-0.42276,-2.319,-1.3509,-0.6362,0.39922,0.077637,1.2326,2.1404,0.7022,0.56464,0.27255,-0.50584,-1.244,-1.3592,-1.7918,-0.89684,-0.27503,0.31712,0.59722,0.71831,1.0821,0.56632,0.045933,-0.5189,-0.78236,-1.033,-1.3998,-1.0404,-0.055055,0.70043,1.1187,1.8645,0.76021,0.37307,-0.1927,-0.78914,-1.1463,-1.2507,-1.4585,-1.0879,-0.29123,0.19043,0.61391,0.98366,1.0772,1.5299,1.9205,-0.73761,-0.29402,0.14773,0.47648,0.93179,1.0566,0.78347,0.54909,0.32997,-0.44519,-2.3085,-1.3378,-0.63746,0.42334,0.10441,1.2266,2.152,0.67171,0.57446,0.26575,-0.50942,-1.2614,-1.3507,-1.7949,-0.8837,-0.25566,0.28948,0.57729,0.75979,1.0977,0.57538,0.037036,-0.52752,-0.75559,-1.0409,-1.3899,-1.0034,-0.048724,0.70794,1.0975,1.9064,0.74796,0.38656,-0.18418,-0.76747,-1.1312,-1.2662,-1.4123,-1.071,-0.3098,0.17922,0.64233,1.0092,1.1048,1.551,1.9325
-0.69931,-0.29092,0.14557,0.48542,0.91283,1.0276,0.76036,0.5353,0.29799,-0.41899,-2.3128,-1.3501,-0.64303,0.39027,0.077443,1.2131,2.1516,0.67146,0.57185,0.26621,-0.50268,-1.251,-1.3614,-1.788,-0.88298,-0.28551,0.3031,0.59312,0.73202,1.1009,0.54883,0.044552,-0.53945,-0.78827,-1.0219,-1.4078,-1.0095,-0.068706,0.69061,1.1348,1.8934,0.74268,0.37324,-0.19029,-0.74978,-1.1461,-1.2547,-1.4217,-1.0717,-0.33134,0.1791,0.64005,1.0097,1.0724,1.527,1.961,-0.68841,-0.29419,0.15075,0.5066,0.91701,1.0558,0.77344,0.54348,0.32158,-0.42802,-2.2787,-1.3168,-0.63993,0.37814,0.086572,1.2398,2.161,0.69595,0.56168,0.26738,-0.50077,-1.2381,-1.3298,-1.7935,-0.89903,-0.26105,0.32112,0.56341,0.76073,1.0693,0.59338,0.019354,-0.55407,-0.80116,-1.0483,-1.4124,-1.0193,-0.094515,0.68951,1.1237,1.8641,0.75726,0.39446,-0.19343,-0.77371,-1.1199,-1.2371,-1.4583,-1.0963,-0.32671,0.20551,0.60044,1.0172,1.0636,1.539,1.9626
-1.2544,-0.81265,-0.30871,0.16077,0.69873,1.0784,1.2135,1.0714,0.73342,0.12661,-1.2463,-1.2939,-1.0611,-0.27714,-0.099205,0.75772,1.6573,1.1587,0.97743,0.66756,-0.02,-0.78081,-1.2154,-1.794,-1.2561,-0.74354,-0.16545,0.27995,0.71406,1.0972,1.1216,0.58484,0.0098181,-0.4816,-0.89598,-1.3635,-1.3654,-0.70077,0.043892,0.6484,1.503,1.1851,0.89769,0.32786,-0.29932,-0.85941,-1.2045,-1.5516,-1.3471,-0.79538,-0.18284,0.31493,0.828,1.1822,1.64,2.1221,-1.2423,-0.82057,-0.31274,0.17087,0.70432,1.0496,1.1794,1.0313,0.77264,0.14691,-1.2532,-1.3191,-1.0879,-0.30642,-0.10472,0.75488,1.6785,1.1567,1.0006,0.69615,-0.022872,-0.81635,-1.2118,-1.7721,-1.2469,-0.70433,-0.16357,0.30664,0.69412,1.1337,1.1041,0.61174,-0.010907,-0.49205,-0.91802,-1.3645,-1.3526,-0.70245,0.023425,0.67624,1.4755,1.2015,0.87739,0.31153,-0.32368,-0.86123,-1.1994,-1.5251,-1.3635,-0.78467,-0.22515,0.2974,0.81879,1.2172,1.6443,2.118
-0.91933,-0.48849,-0.034244,0.36763,0.84412,1.0888,0.98097,0.74362,0.50035,-0.2129,-1.9253,-1.3612,-0.83242,0.14925,0.00092485,1.0709,2.0105,0.88005,0.76771,0.43068,-0.29951,-1.1219,-1.3297,-1.8217,-1.0559,-0.44806,0.10573,0.49423,0.74015,1.1217,0.81379,0.26174,-0.33806,-0.65864,-1.0069,-1.4255,-1.1599,-0.33353,0.42941,0.95472,1.743,0.93387,0.57336,0.035834,-0.62418,-1.0187,-1.2613,-1.5064,-1.1889,-0.49041,0.060108,0.50101,0.9298,1.1732,1.6242,2.0691,-0.91935,-0.48376,-0.059743,0.34853,0.86112,1.0691,0.98486,0.77165,0.50014,-0.21072,-1.9436,-1.3641,-0.83492,0.15007,0.017644,1.071,2.023,0.8925,0.73781,0.42258,-0.31806,-1.1069,-1.3003,-1.8373,-1.0222,-0.46943,0.13291,0.46556,0.74669,1.0951,0.83001,0.24045,-0.3424,-0.68105,-0.99866,-1.4186,-1.1928,-0.34626,0.43014,0.95427,1.7778,0.94349,0.59744,0.032773,-0.61231,-1.0433,-1.2468,-1.4986,-1.1828,-0.50005,0.026332,0.50992,0.97784,1.1484,1.5816,2.0588
-1.4476,-1.0369,-0.56714,-0.05377,0.50294,0.98821,1.3229,1.2588,0.95172,0.49871,-0.30922,-1.1885,-1.2512,-0.73565,-0.19655,0.35019,1.1546,1.3478,1.1727,0.84365,0.33346,-0.4049,-0.97256,-1.5925,-1.3438,-0.93941,-0.50147,0.087013,0.62041,1.0221,1.3258,0.91036,0.36359,-0.22874,-0.77431,-1.2185,-1.4227,-1.056,-0.38908,0.284,1.0874,1.3608,1.1262,0.63743,0.044159,-0.59061,-1.0671,-1.4559,-1.4382,-0.98033,-0.45745,0.050909,0.64826,1.1449,1.5882,2.0778,-1.4388,-1.0526,-0.56375,-0.070279,0.49805,0.99767,1.3185,1.265,0.94966,0.50211,-0.30836,-1.1999,-1.2592,-0.72841,-0.19479,0.3321,1.1526,1.3273,1.1334,0.88127,0.33234,-0.37238,-0.98665,-1.5519,-1.3416,-0.93735,-0.49387,0.083708,0.59338,1.016,1.3474,0.91469,0.38575,-0.22271,-0.73683,-1.2339,-1.4452,-1.0669,-0.40242,0.30995,1.0436,1.3647,1.0943,0.63044,0.0064181,-0.59807,-1.0675,-1.4841,-1.4166,-1.0176,-0.43103,0.08207,0.64952,1.1545,1.5506,2.0869
-1.3519,-0.97076,-0.47533,0.047433,0.58639,1.0644,1.2762,1.2023,0.8859,0.36835,-0.74717,-1.2394,-1.1843,-0.5465,-0.198,0.49854,1.3938,1.281,1.0834,0.79349,0.20996,-0.58461,-1.0928,-1.6749,-1.292,-0.83964,-0.37588,0.16305,0.63871,1.0764,1.2229,0.79964,0.19117,-0.32727,-0.83887,-1.3141,-1.3928,-0.92584,-0.24765,0.47927,1.2447,1.2963,1.037,0.48974,-0.10791,-0.72643,-1.1311,-1.5101,-1.4112,-0.91186,-0.37524,0.17385,0.72614,1.1829,1.612,2.1266,-1.3544,-0.93605,-0.46985,0.019208,0.58413,1.0446,1.3118,1.2185,0.87684,0.3645,-0.75076,-1.2651,-1.1833,-0.56845,-0.15498,0.54593,1.392,1.2748,1.0967,0.77914,0.18,-0.57745,-1.0613,-1.6623,-1.3194,-0.88433,-0.36256,0.17285,0.63293,1.0915,1.2457,0.82017,0.19597,-0.32937,-0.82934,-1.2863,-1.3923,-0.92561,-0.22015,0.45594,1.265,1.3199,1.0202,0.50732,-0.13251,-0.72738,-1.1408,-1.5349,-1.3823,-0.93758,-0.33392,0.18396,0.73019,1.1874,1.6106,2.0947
-1.3621,-0.94435,-0.46554,0.025725,0.55986,1.0518,1.291,1.197,0.89172,0.35589,-0.78558,-1.2335,-1.1769,-0.53055,-0.20703,0.51318,1.3931,1.2863,1.0885,0.8197,0.18399,-0.56615,-1.0667,-1.6981,-1.3038,-0.86382,-0.34068,0.17674,0.63065,1.0922,1.2006,0.79304,0.1757,-0.33912,-0.81852,-1.268,-1.4086,-0.95586,-0.23543,0.48877,1.2776,1.3267,1.0213,0.50111,-0.12429,-0.73361,-1.128,-1.5244,-1.3856,-0.93624,-0.3563,0.18323,0.7426,1.1689,1.6309,2.1065,-1.3831,-0.97256,-0.48408,0.020555,0.59201,1.0167,1.3074,1.1774,0.91015,0.35638,-0.79931,-1.2615,-1.1682,-0.55079,-0.20113,0.51342,1.4133,1.2847,1.1195,0.809,0.20626,-0.56795,-1.0777,-1.6654,-1.3228,-0.87024,-0.34037,0.19839,0.66074,1.0645,1.2175,0.80555,0.20144,-0.34155,-0.82117,-1.3095,-1.3913,-0.93618,-0.20059,0.47385,1.2562,1.3323,1.0408,0.52576,-0.12979,-0.71728,-1.1391,-1.5088,-1.4162,-0.89069,-0.36429,0.18451,0.70876,1.1615,1.6199,2.1047
-1.3779,-0.96125,-0.4679,0.049025,0.59168,1.0225,1.311,1.1846,0.86996,0.3748,-0.798,-1.2597,-1.1799,-0.5494,-0.19339,0.54639,1.407,1.297,1.1003,0.79396,0.20051,-0.58265,-1.0763,-1.6742,-1.319,-0.83921,-0.36339,0.1937,0.67231,1.067,1.217,0.77274,0.18869,-0.35175,-0.82216,-1.2988,-1.4273,-0.94251,-0.22285,0.46003,1.2841,1.2993,1.046,0.51999,-0.12428,-0.72626,-1.1236,-1.4936,-1.4149,-0.90573,-0.35197,0.18697,0.74407,1.158,1.6276,2.117,-1.3932,-0.96543,-0.46922,0.032886,0.56567,1.048,1.3035,1.1838,0.91396,0.36376,-0.82395,-1.2708,-1.1692,-0.54758,-0.19759,0.54253,1.3884,1.2991,1.1341,0.78582,0.15906,-0.61091,-1.063,-1.6707,-1.288,-0.85908,-0.35218,0.17406,0.66543,1.0591,1.2044,0.80662,0.19271,-0.36546,-0.82877,-1.2819,-1.4188,-0.94513,-0.23007,0.47829,1.277,1.3399,1.0526,0.51309,-0.12164,-0.72268,-1.1231,-1.5105,-1.4301,-0.90369,-0.3354,0.17799,0.72347,1.1587,1.5828,2.0903
-1.3943,-0.94619,-0.46367,0.05831,0.59179,1.0612,1.282,1.1834,0.88466,0.33158,-0.82727,-1.2382,-1.2029,-0.52008,-0.17582,0.54841,1.4313,1.2932,1.1209,0.82536,0.19203,-0.56682,-1.0938,-1.6923,-1.3214,-0.86033,-0.37607,0.16905,0.64343,1.0867,1.2348,0.79099,0.18368,-0.35656,-0.83249,-1.2874,-1.4176,-0.90748,-0.20957,0.44138,1.264,1.343,1.0408,0.52019,-0.13466,-0.7396,-1.1513,-1.5124,-1.4201,-0.92176,-0.32838,0.15801,0.69825,1.1691,1.601,2.0808,-1.3963,-0.95455,-0.45541,0.066569,0.56919,1.0169,1.3022,1.1767,0.87397,0.33031,-0.81678,-1.2415,-1.2091,-0.5627,-0.19148,0.5533,1.4295,1.2609,1.0971,0.81601,0.19513,-0.57347,-1.0608,-1.6799,-1.3233,-0.83912,-0.34471,0.18233,0.67291,1.0687,1.2352,0.77737,0.20931,-0.36045,-0.80429,-1.272,-1.423,-0.91296,-0.22748,0.47882,1.2759,1.3408,1.0326,0.50754,-0.13756,-0.70218,-1.1206,-1.479,-1.4139,-0.90494,-0.3255,0.16213,0.73301,1.1701,1.6274,2.0919
-1.3603,-0.93977,-0.45745,0.055659,0.5911,1.0403,1.3157,1.2067,0.88572,0.32858,-0.82833,-1.246,-1.197,-0.52281,-0.16191,0.54974,1.3952,1.2613,1.1312,0.79498,0.16831,-0.59384,-1.0564,-1.6865,-1.301,-0.85527,-0.37415,0.20613,0.63554,1.0943,1.2139,0.79935,0.21853,-0.35274,-0.79993,-1.2688,-1.4205,-0.94762,-0.2139,0.48414,1.2431,1.3166,1.0111,0.51256,-0.1629,-0.72752,-1.1454,-1.5091,-1.3977,-0.92838,-0.34634,0.16247,0.7018,1.1592,1.5901,2.115,-1.3873,-0.9477,-0.44533,0.044569,0.56166,1.0233,1.3161,1.21,0.91392,0.34337,-0.82924,-1.2289,-1.198,-0.54181,-0.19311,0.5122,1.4218,1.3058,1.1262,0.82351,0.20688,-0.57451,-1.0969,-1.6783,-1.3065,-0.86161,-0.37702,0.18712,0.63722,1.0954,1.1974,0.80383,0.20956,-0.3303,-0.82442,-1.2931,-1.4195,-0.91595,-0.2178,0.44553,1.2593,1.3151,1.017,0.52771,-0.13412,-0.71252,-1.1111,-1.5131,-1.4,-0.93727,-0.35753,0.16094,0.73821,1.1725,1.6125,2.1087
-1.3502,-0.9409,-0.44574,0.035814,0.57664,1.0337,1.2802,1.1935,0.86662,0.36317,-0.77876,-1.2672,-1.1946,-0.53539,-0.16301,0.51736,1.4151,1.2834,1.1271,0.77741,0.19652,-0.58524,-1.0633,-1.6578,-1.3324,-0.855,-0.38416,0.18292,0.67452,1.0659,1.2242,0.78501,0.2175,-0.3304,-0.8027,-1.3161,-1.398,-0.91543,-0.22784,0.45139,1.2592,1.3217,1.0521,0.52314,-0.13647,-0.73261,-1.1477,-1.523,-1.3979,-0.93465,-0.35914,0.2,0.70385,1.1621,1.6322,2.0943,-1.3794,-0.94029,-0.49019,0.058786,0.57119,1.0361,1.3076,1.1977,0.90737,0.33587,-0.78858,-1.2386,-1.175,-0.54975,-0.16012,0.50654,1.396,1.2647,1.1104,0.81724,0.19548,-0.58619,-1.0834,-1.6969,-1.3234,-0.87797,-0.37903,0.18226,0.64561,1.059,1.2202,0.80091,0.18011,-0.33485,-0.80998,-1.3189,-1.4028,-0.94787,-0.24635,0.46999,1.2513,1.339,1.0111,0.5201,-0.12849,-0.69517,-1.1428,-1.518,-1.417,-0.91046,-0.33693,0.19741,0.70713,1.1662,1.6122,2.1097
-0.69485,-0.30259,0.076326,0.47742,0.89191,1.0371,0.75955,0.59579,0.34851,-0.45898,-2.4989,-1.3042,-0.5997,0.36165,0.068456,1.1935,2.1567,0.7235,0.63359,0.307,-0.48827,-1.2903,-1.3407,-1.8104,-0.82708,-0.2964,0.27175,0.56822,0.72848,1.0723,0.49518,0.032332,-0.54884,-0.7626,-1.004,-1.3618,-0.97682,-0.1118,0.65746,1.1029,1.8794,0.80532,0.46156,-0.15463,-0.77184,-1.1046,-1.1929,-1.3865,-1.0772,-0.31467,0.19086,0.60644,1.0041,1.0937,1.5111,1.878,-0.72065,-0.31036,0.12586,0.47268,0.90524,1.0365,0.78621,0.60433,0.35887,-0.41613,-2.4902,-1.2706,-0.61859,0.39591,0.074486,1.1924,2.1554,0.74662,0.61274,0.30716,-0.46716,-1.293,-1.3078,-1.7936,-0.85979,-0.27264,0.2827,0.53193,0.75786,1.0665,0.50493,0.064247,-0.53673,-0.73297,-0.99964,-1.3735,-0.99709,-0.11674,0.69616,1.0987,1.9014,0.8117,0.44572,-0.14353,-0.76545,-1.139,-1.2098,-1.3788,-1.0446,-0.32152,0.18769,0.58356,0.97023,1.0738,1.5282,1.883
-0.7312,-0.27557,0.12278,0.49305,0.89989,1.0474,0.79227,0.54016,0.32315,-0.4249,-2.3073,-1.3439,-0.65389,0.39978,0.093947,1.2294,2.1504,0.67817,0.55393,0.25955,-0.48087,-1.2534,-1.3445,-1.7891,-0.87257,-0.2634,0.29079,0.58392,0.76536,1.0887,0.5929,0.0087545,-0.54762,-0.77943,-1.015,-1.3739,-1.0176,-0.083421,0.70511,1.1286,1.8582,0.76347,0.37657,-0.18387,-0.75585,-1.1017,-1.2305,-1.4142,-1.0607,-0.33158,0.19648,0.64717,1.0243,1.0691,1.5301,1.9144,-0.70833,-0.28915,0.15037,0.49345,0.90301,1.0207,0.75095,0.56035,0.29669,-0.44455,-2.2733,-1.3061,-0.64939,0.39552,0.091242,1.2032,2.1294,0.70197,0.58334,0.25042,-0.48624,-1.2482,-1.3468,-1.8175,-0.87622,-0.26859,0.32314,0.59914,0.72295,1.062,0.59317,0.028642,-0.51058,-0.76989,-1.0138,-1.4047,-1.0198,-0.05144,0.69165,1.1155,1.8845,0.7732,0.40942,-0.17248,-0.76033,-1.1463,-1.2405,-1.4434,-1.0758,-0.28804,0.21896,0.64015,1.0029,1.088,1.5379,1.9476
-0.69154,-0.26824,0.13943,0.48302,0.93921,1.0391,0.77153,0.51293,0.33105,-0.42542,-2.3085,-1.3324,-0.63127,0.41055,0.10586,1.1998,2.1305,0.69667,0.5435,0.24122,-0.5071,-1.2296,-1.3618,-1.7916,-0.90347,-0.25072,0.32821,0.56203,0.75911,1.073,0.54643,0.041938,-0.54453,-0.77045,-1.0439,-1.3864,-1.0373,-0.063175,0.71394,1.1205,1.8802,0.76253,0.37787,-0.188,-0.78704,-1.115,-1.2522,-1.4129,-1.0617,-0.32845,0.22412,0.60981,1.0092,1.0993,1.518,1.9273,-0.73481,-0.2922,0.1372,0.46898,0.93592,1.0534,0.77831,0.54985,0.31103,-0.41007,-2.2889,-1.3386,-0.63678,0.39781,0.084127,1.236,2.1267,0.69176,0.57222,0.2672,-0.47801,-1.2453,-1.3125,-1.8001,-0.90618,-0.27045,0.30266,0.59728,0.75575,1.1098,0.54446,0.011728,-0.51106,-0.79475,-1.0368,-1.39,-1.0288,-0.09414,0.67069,1.1071,1.8617,0.75842,0.40744,-0.16827,-0.76669,-1.1127,-1.2308,-1.423,-1.069,-0.30822,0.21633,0.62484,1.0133,1.0685,1.5531,1.9386
-1.3961,-0.94639,-0.44968,0.030138,0.59839,1.0528,1.2727,1.2135,0.86872,0.34931,-0.83467,-1.253,-1.1834,-0.55053,-0.1966,0.52517,1.382,1.2585,1.1126,0.80726,0.18621,-0.56504,-1.0754,-1.68,-1.3183,-0.83905,-0.37166,0.1784,0.65623,1.0724,1.2131,0.7859,0.21758,-0.33888,-0.84021,-1.2822,-1.384,-0.91078,-0.20379,0.48548,1.2626,1.2973,1.039,0.52354,-0.14281,-0.73445,-1.1117,-1.4994,-1.4305,-0.92445,-0.36099,0.18361,0.70936,1.1886,1.6301,2.1046,-1.3555,-0.95482,-0.45714,0.03946,0.59338,1.0585,1.3125,1.2121,0.89762,0.34177,-0.79359,-1.2659,-1.1718,-0.55946,-0.16757,0.53004,1.412,1.2799,1.1001,0.79239,0.19024,-0.61112,-1.0999,-1.6904,-1.3083,-0.86955,-0.35748,0.18114,0.65695,1.0728,1.1909,0.80531,0.19286,-0.3329,-0.81083,-1.2729,-1.3872,-0.91565,-0.23669,0.48933,1.2726,1.3216,1.0257,0.51987,-0.13578,-0.7236,-1.1586,-1.5137,-1.4094,-0.92018,-0.33104,0.17864,0.74099,1.1955,1.6145,2.0953
-1.3965,-0.96866,-0.46893,0.060609,0.55256,1.0344,1.2848,1.2042,0.88513,0.35218,-0.8331,-1.2578,-1.1811,-0.52235,-0.20488,0.54612,1.393,1.3066,1.1135,0.81561,0.18262,-0.59785,-1.0631,-1.6539,-1.2865,-0.87432,-0.34515,0.18531,0.65298,1.073,1.2013,0.79719,0.21543,-0.36191,-0.80287,-1.2692,-1.3943,-0.95498,-0.213,0.48389,1.2619,1.3448,1.0196,0.51457,-0.11537,-0.69532,-1.1222,-1.5251,-1.4112,-0.88908,-0.35391,0.19983,0.74125,1.2013,1.5826,2.1156,-1.3776,-0.97173,-0.46067,0.054298,0.55378,1.0498,1.301,1.1779,0.88318,0.34847,-0.79768,-1.2691,-1.1778,-0.5236,-0.20277,0.52196,1.3868,1.3021,1.1245,0.78894,0.1718,-0.56985,-1.0779,-1.6829,-1.3118,-0.87725,-0.3354,0.18365,0.63393,1.069,1.1975,0.80495,0.17464,-0.35191,-0.81647,-1.3033,-1.3781,-0.9138,-0.19855,0.47712,1.2533,1.3051,1.0501,0.48372,-0.14986,-0.70685,-1.1548,-1.5239,-1.3892,-0.90135,-0.35062,0.18056,0.7046,1.1899,1.6072,2.1159
